row_id,target
XC174947_akiapo_5,True
XC174947_aniani_5,True
XC174947_apapan_5,True
XC174947_barpet_5,True
XC174947_crehon_5,True
XC174947_elepai_5,True
XC174947_ercfra_5,True
XC174947_hawama_5,True
XC174947_hawcre_5,True
XC174947_hawgoo_5,True
XC174947_hawhaw_5,True
XC174947_hawpet1_5,True
XC174947_houfin_5,True
XC174947_iiwi_5,True
XC174947_jabwar_5,True
XC174947_maupar_5,True
XC174947_omao_5,True
XC174947_puaioh_5,True
XC174947_skylar_5,True
XC174947_warwhe1_5,True
XC174947_yefcan_5,True
XC174947_akiapo_10,True
XC174947_aniani_10,True
XC174947_apapan_10,True
XC174947_barpet_10,True
XC174947_crehon_10,True
XC174947_elepai_10,True
XC174947_ercfra_10,True
XC174947_hawama_10,True
XC174947_hawcre_10,True
XC174947_hawgoo_10,True
XC174947_hawhaw_10,True
XC174947_hawpet1_10,True
XC174947_houfin_10,True
XC174947_iiwi_10,True
XC174947_jabwar_10,True
XC174947_maupar_10,True
XC174947_omao_10,True
XC174947_puaioh_10,True
XC174947_skylar_10,True
XC174947_warwhe1_10,True
XC174947_yefcan_10,True
XC174947_akiapo_15,True
XC174947_aniani_15,True
XC174947_apapan_15,True
XC174947_barpet_15,True
XC174947_crehon_15,True
XC174947_elepai_15,True
XC174947_ercfra_15,True
XC174947_hawama_15,True
XC174947_hawcre_15,True
XC174947_hawgoo_15,True
XC174947_hawhaw_15,True
XC174947_hawpet1_15,True
XC174947_houfin_15,True
XC174947_iiwi_15,True
XC174947_jabwar_15,True
XC174947_maupar_15,True
XC174947_omao_15,True
XC174947_puaioh_15,True
XC174947_skylar_15,True
XC174947_warwhe1_15,True
XC174947_yefcan_15,True
XC174947_akiapo_20,True
XC174947_aniani_20,True
XC174947_apapan_20,True
XC174947_barpet_20,True
XC174947_crehon_20,True
XC174947_elepai_20,True
XC174947_ercfra_20,True
XC174947_hawama_20,True
XC174947_hawcre_20,True
XC174947_hawgoo_20,True
XC174947_hawhaw_20,True
XC174947_hawpet1_20,True
XC174947_houfin_20,True
XC174947_iiwi_20,True
XC174947_jabwar_20,True
XC174947_maupar_20,True
XC174947_omao_20,True
XC174947_puaioh_20,True
XC174947_skylar_20,True
XC174947_warwhe1_20,True
XC174947_yefcan_20,True
XC174947_akiapo_25,True
XC174947_aniani_25,True
XC174947_apapan_25,True
XC174947_barpet_25,True
XC174947_crehon_25,True
XC174947_elepai_25,True
XC174947_ercfra_25,True
XC174947_hawama_25,True
XC174947_hawcre_25,True
XC174947_hawgoo_25,True
XC174947_hawhaw_25,True
XC174947_hawpet1_25,True
XC174947_houfin_25,True
XC174947_iiwi_25,True
XC174947_jabwar_25,True
XC174947_maupar_25,True
XC174947_omao_25,True
XC174947_puaioh_25,True
XC174947_skylar_25,True
XC174947_warwhe1_25,True
XC174947_yefcan_25,True
XC174950_akiapo_5,True
XC174950_aniani_5,True
XC174950_apapan_5,True
XC174950_barpet_5,True
XC174950_crehon_5,True
XC174950_elepai_5,True
XC174950_ercfra_5,True
XC174950_hawama_5,True
XC174950_hawcre_5,True
XC174950_hawgoo_5,True
XC174950_hawhaw_5,True
XC174950_hawpet1_5,True
XC174950_houfin_5,True
XC174950_iiwi_5,True
XC174950_jabwar_5,True
XC174950_maupar_5,True
XC174950_omao_5,True
XC174950_puaioh_5,True
XC174950_skylar_5,True
XC174950_warwhe1_5,True
XC174950_yefcan_5,True
XC210208_akiapo_5,True
XC210208_aniani_5,True
XC210208_apapan_5,True
XC210208_barpet_5,True
XC210208_crehon_5,True
XC210208_elepai_5,True
XC210208_ercfra_5,True
XC210208_hawama_5,True
XC210208_hawcre_5,True
XC210208_hawgoo_5,True
XC210208_hawhaw_5,True
XC210208_hawpet1_5,True
XC210208_houfin_5,True
XC210208_iiwi_5,True
XC210208_jabwar_5,True
XC210208_maupar_5,True
XC210208_omao_5,True
XC210208_puaioh_5,True
XC210208_skylar_5,True
XC210208_warwhe1_5,True
XC210208_yefcan_5,True
XC210208_akiapo_10,True
XC210208_aniani_10,True
XC210208_apapan_10,True
XC210208_barpet_10,True
XC210208_crehon_10,True
XC210208_elepai_10,True
XC210208_ercfra_10,True
XC210208_hawama_10,True
XC210208_hawcre_10,True
XC210208_hawgoo_10,True
XC210208_hawhaw_10,True
XC210208_hawpet1_10,True
XC210208_houfin_10,True
XC210208_iiwi_10,True
XC210208_jabwar_10,True
XC210208_maupar_10,True
XC210208_omao_10,True
XC210208_puaioh_10,True
XC210208_skylar_10,True
XC210208_warwhe1_10,True
XC210208_yefcan_10,True
XC210208_akiapo_15,True
XC210208_aniani_15,True
XC210208_apapan_15,True
XC210208_barpet_15,True
XC210208_crehon_15,True
XC210208_elepai_15,True
XC210208_ercfra_15,True
XC210208_hawama_15,True
XC210208_hawcre_15,True
XC210208_hawgoo_15,True
XC210208_hawhaw_15,True
XC210208_hawpet1_15,True
XC210208_houfin_15,True
XC210208_iiwi_15,True
XC210208_jabwar_15,True
XC210208_maupar_15,True
XC210208_omao_15,True
XC210208_puaioh_15,True
XC210208_skylar_15,True
XC210208_warwhe1_15,True
XC210208_yefcan_15,True
XC210210_akiapo_5,True
XC210210_aniani_5,True
XC210210_apapan_5,True
XC210210_barpet_5,True
XC210210_crehon_5,True
XC210210_elepai_5,True
XC210210_ercfra_5,True
XC210210_hawama_5,True
XC210210_hawcre_5,True
XC210210_hawgoo_5,True
XC210210_hawhaw_5,True
XC210210_hawpet1_5,True
XC210210_houfin_5,True
XC210210_iiwi_5,True
XC210210_jabwar_5,True
XC210210_maupar_5,True
XC210210_omao_5,True
XC210210_puaioh_5,True
XC210210_skylar_5,True
XC210210_warwhe1_5,True
XC210210_yefcan_5,True
XC210210_akiapo_10,True
XC210210_aniani_10,True
XC210210_apapan_10,True
XC210210_barpet_10,True
XC210210_crehon_10,True
XC210210_elepai_10,True
XC210210_ercfra_10,True
XC210210_hawama_10,True
XC210210_hawcre_10,True
XC210210_hawgoo_10,True
XC210210_hawhaw_10,True
XC210210_hawpet1_10,True
XC210210_houfin_10,True
XC210210_iiwi_10,True
XC210210_jabwar_10,True
XC210210_maupar_10,True
XC210210_omao_10,True
XC210210_puaioh_10,True
XC210210_skylar_10,True
XC210210_warwhe1_10,True
XC210210_yefcan_10,True
XC210210_akiapo_15,True
XC210210_aniani_15,True
XC210210_apapan_15,True
XC210210_barpet_15,True
XC210210_crehon_15,True
XC210210_elepai_15,True
XC210210_ercfra_15,True
XC210210_hawama_15,True
XC210210_hawcre_15,True
XC210210_hawgoo_15,True
XC210210_hawhaw_15,True
XC210210_hawpet1_15,True
XC210210_houfin_15,True
XC210210_iiwi_15,True
XC210210_jabwar_15,True
XC210210_maupar_15,True
XC210210_omao_15,True
XC210210_puaioh_15,True
XC210210_skylar_15,True
XC210210_warwhe1_15,True
XC210210_yefcan_15,True
XC210210_akiapo_20,True
XC210210_aniani_20,True
XC210210_apapan_20,True
XC210210_barpet_20,True
XC210210_crehon_20,True
XC210210_elepai_20,True
XC210210_ercfra_20,True
XC210210_hawama_20,True
XC210210_hawcre_20,True
XC210210_hawgoo_20,True
XC210210_hawhaw_20,True
XC210210_hawpet1_20,True
XC210210_houfin_20,True
XC210210_iiwi_20,True
XC210210_jabwar_20,True
XC210210_maupar_20,True
XC210210_omao_20,True
XC210210_puaioh_20,True
XC210210_skylar_20,True
XC210210_warwhe1_20,True
XC210210_yefcan_20,True
XC210211_akiapo_5,True
XC210211_aniani_5,True
XC210211_apapan_5,True
XC210211_barpet_5,True
XC210211_crehon_5,True
XC210211_elepai_5,True
XC210211_ercfra_5,True
XC210211_hawama_5,True
XC210211_hawcre_5,True
XC210211_hawgoo_5,True
XC210211_hawhaw_5,True
XC210211_hawpet1_5,True
XC210211_houfin_5,True
XC210211_iiwi_5,True
XC210211_jabwar_5,True
XC210211_maupar_5,True
XC210211_omao_5,True
XC210211_puaioh_5,True
XC210211_skylar_5,True
XC210211_warwhe1_5,True
XC210211_yefcan_5,True
XC210211_akiapo_10,True
XC210211_aniani_10,True
XC210211_apapan_10,True
XC210211_barpet_10,True
XC210211_crehon_10,True
XC210211_elepai_10,True
XC210211_ercfra_10,True
XC210211_hawama_10,True
XC210211_hawcre_10,True
XC210211_hawgoo_10,True
XC210211_hawhaw_10,True
XC210211_hawpet1_10,True
XC210211_houfin_10,True
XC210211_iiwi_10,True
XC210211_jabwar_10,True
XC210211_maupar_10,True
XC210211_omao_10,True
XC210211_puaioh_10,True
XC210211_skylar_10,True
XC210211_warwhe1_10,True
XC210211_yefcan_10,True
XC210211_akiapo_15,True
XC210211_aniani_15,True
XC210211_apapan_15,True
XC210211_barpet_15,True
XC210211_crehon_15,True
XC210211_elepai_15,True
XC210211_ercfra_15,True
XC210211_hawama_15,True
XC210211_hawcre_15,True
XC210211_hawgoo_15,True
XC210211_hawhaw_15,True
XC210211_hawpet1_15,True
XC210211_houfin_15,True
XC210211_iiwi_15,True
XC210211_jabwar_15,True
XC210211_maupar_15,True
XC210211_omao_15,True
XC210211_puaioh_15,True
XC210211_skylar_15,True
XC210211_warwhe1_15,True
XC210211_yefcan_15,True
XC210211_akiapo_20,True
XC210211_aniani_20,True
XC210211_apapan_20,True
XC210211_barpet_20,True
XC210211_crehon_20,True
XC210211_elepai_20,True
XC210211_ercfra_20,True
XC210211_hawama_20,True
XC210211_hawcre_20,True
XC210211_hawgoo_20,True
XC210211_hawhaw_20,True
XC210211_hawpet1_20,True
XC210211_houfin_20,True
XC210211_iiwi_20,True
XC210211_jabwar_20,True
XC210211_maupar_20,True
XC210211_omao_20,True
XC210211_puaioh_20,True
XC210211_skylar_20,True
XC210211_warwhe1_20,True
XC210211_yefcan_20,True
XC210211_akiapo_25,True
XC210211_aniani_25,True
XC210211_apapan_25,True
XC210211_barpet_25,True
XC210211_crehon_25,True
XC210211_elepai_25,True
XC210211_ercfra_25,True
XC210211_hawama_25,True
XC210211_hawcre_25,True
XC210211_hawgoo_25,True
XC210211_hawhaw_25,True
XC210211_hawpet1_25,True
XC210211_houfin_25,True
XC210211_iiwi_25,True
XC210211_jabwar_25,True
XC210211_maupar_25,True
XC210211_omao_25,True
XC210211_puaioh_25,True
XC210211_skylar_25,True
XC210211_warwhe1_25,True
XC210211_yefcan_25,True
XC210211_akiapo_30,True
XC210211_aniani_30,True
XC210211_apapan_30,True
XC210211_barpet_30,True
XC210211_crehon_30,True
XC210211_elepai_30,True
XC210211_ercfra_30,True
XC210211_hawama_30,True
XC210211_hawcre_30,True
XC210211_hawgoo_30,True
XC210211_hawhaw_30,True
XC210211_hawpet1_30,True
XC210211_houfin_30,True
XC210211_iiwi_30,True
XC210211_jabwar_30,True
XC210211_maupar_30,True
XC210211_omao_30,True
XC210211_puaioh_30,True
XC210211_skylar_30,True
XC210211_warwhe1_30,True
XC210211_yefcan_30,True
XC210212_akiapo_5,True
XC210212_aniani_5,True
XC210212_apapan_5,True
XC210212_barpet_5,True
XC210212_crehon_5,True
XC210212_elepai_5,True
XC210212_ercfra_5,True
XC210212_hawama_5,True
XC210212_hawcre_5,True
XC210212_hawgoo_5,True
XC210212_hawhaw_5,True
XC210212_hawpet1_5,True
XC210212_houfin_5,True
XC210212_iiwi_5,True
XC210212_jabwar_5,True
XC210212_maupar_5,True
XC210212_omao_5,True
XC210212_puaioh_5,True
XC210212_skylar_5,True
XC210212_warwhe1_5,True
XC210212_yefcan_5,True
XC210212_akiapo_10,True
XC210212_aniani_10,True
XC210212_apapan_10,True
XC210212_barpet_10,True
XC210212_crehon_10,True
XC210212_elepai_10,True
XC210212_ercfra_10,True
XC210212_hawama_10,True
XC210212_hawcre_10,True
XC210212_hawgoo_10,True
XC210212_hawhaw_10,True
XC210212_hawpet1_10,True
XC210212_houfin_10,True
XC210212_iiwi_10,True
XC210212_jabwar_10,True
XC210212_maupar_10,True
XC210212_omao_10,True
XC210212_puaioh_10,True
XC210212_skylar_10,True
XC210212_warwhe1_10,True
XC210212_yefcan_10,True
XC210212_akiapo_15,True
XC210212_aniani_15,True
XC210212_apapan_15,True
XC210212_barpet_15,True
XC210212_crehon_15,True
XC210212_elepai_15,True
XC210212_ercfra_15,True
XC210212_hawama_15,True
XC210212_hawcre_15,True
XC210212_hawgoo_15,True
XC210212_hawhaw_15,True
XC210212_hawpet1_15,True
XC210212_houfin_15,True
XC210212_iiwi_15,True
XC210212_jabwar_15,True
XC210212_maupar_15,True
XC210212_omao_15,True
XC210212_puaioh_15,True
XC210212_skylar_15,True
XC210212_warwhe1_15,True
XC210212_yefcan_15,True
XC210212_akiapo_20,True
XC210212_aniani_20,True
XC210212_apapan_20,True
XC210212_barpet_20,True
XC210212_crehon_20,True
XC210212_elepai_20,True
XC210212_ercfra_20,True
XC210212_hawama_20,True
XC210212_hawcre_20,True
XC210212_hawgoo_20,True
XC210212_hawhaw_20,True
XC210212_hawpet1_20,True
XC210212_houfin_20,True
XC210212_iiwi_20,True
XC210212_jabwar_20,True
XC210212_maupar_20,True
XC210212_omao_20,True
XC210212_puaioh_20,True
XC210212_skylar_20,True
XC210212_warwhe1_20,True
XC210212_yefcan_20,True
XC210213_akiapo_5,True
XC210213_aniani_5,True
XC210213_apapan_5,True
XC210213_barpet_5,True
XC210213_crehon_5,True
XC210213_elepai_5,True
XC210213_ercfra_5,True
XC210213_hawama_5,True
XC210213_hawcre_5,True
XC210213_hawgoo_5,True
XC210213_hawhaw_5,True
XC210213_hawpet1_5,True
XC210213_houfin_5,True
XC210213_iiwi_5,True
XC210213_jabwar_5,True
XC210213_maupar_5,True
XC210213_omao_5,True
XC210213_puaioh_5,True
XC210213_skylar_5,True
XC210213_warwhe1_5,True
XC210213_yefcan_5,True
XC210213_akiapo_10,True
XC210213_aniani_10,True
XC210213_apapan_10,True
XC210213_barpet_10,True
XC210213_crehon_10,True
XC210213_elepai_10,True
XC210213_ercfra_10,True
XC210213_hawama_10,True
XC210213_hawcre_10,True
XC210213_hawgoo_10,True
XC210213_hawhaw_10,True
XC210213_hawpet1_10,True
XC210213_houfin_10,True
XC210213_iiwi_10,True
XC210213_jabwar_10,True
XC210213_maupar_10,True
XC210213_omao_10,True
XC210213_puaioh_10,True
XC210213_skylar_10,True
XC210213_warwhe1_10,True
XC210213_yefcan_10,True
XC210213_akiapo_15,True
XC210213_aniani_15,True
XC210213_apapan_15,True
XC210213_barpet_15,True
XC210213_crehon_15,True
XC210213_elepai_15,True
XC210213_ercfra_15,True
XC210213_hawama_15,True
XC210213_hawcre_15,True
XC210213_hawgoo_15,True
XC210213_hawhaw_15,True
XC210213_hawpet1_15,True
XC210213_houfin_15,True
XC210213_iiwi_15,True
XC210213_jabwar_15,True
XC210213_maupar_15,True
XC210213_omao_15,True
XC210213_puaioh_15,True
XC210213_skylar_15,True
XC210213_warwhe1_15,True
XC210213_yefcan_15,True
XC210213_akiapo_20,True
XC210213_aniani_20,True
XC210213_apapan_20,True
XC210213_barpet_20,True
XC210213_crehon_20,True
XC210213_elepai_20,True
XC210213_ercfra_20,True
XC210213_hawama_20,True
XC210213_hawcre_20,True
XC210213_hawgoo_20,True
XC210213_hawhaw_20,True
XC210213_hawpet1_20,True
XC210213_houfin_20,True
XC210213_iiwi_20,True
XC210213_jabwar_20,True
XC210213_maupar_20,True
XC210213_omao_20,True
XC210213_puaioh_20,True
XC210213_skylar_20,True
XC210213_warwhe1_20,True
XC210213_yefcan_20,True
XC210213_akiapo_25,True
XC210213_aniani_25,True
XC210213_apapan_25,True
XC210213_barpet_25,True
XC210213_crehon_25,True
XC210213_elepai_25,True
XC210213_ercfra_25,True
XC210213_hawama_25,True
XC210213_hawcre_25,True
XC210213_hawgoo_25,True
XC210213_hawhaw_25,True
XC210213_hawpet1_25,True
XC210213_houfin_25,True
XC210213_iiwi_25,True
XC210213_jabwar_25,True
XC210213_maupar_25,True
XC210213_omao_25,True
XC210213_puaioh_25,True
XC210213_skylar_25,True
XC210213_warwhe1_25,True
XC210213_yefcan_25,True
XC210213_akiapo_30,True
XC210213_aniani_30,True
XC210213_apapan_30,True
XC210213_barpet_30,True
XC210213_crehon_30,True
XC210213_elepai_30,True
XC210213_ercfra_30,True
XC210213_hawama_30,True
XC210213_hawcre_30,True
XC210213_hawgoo_30,True
XC210213_hawhaw_30,True
XC210213_hawpet1_30,True
XC210213_houfin_30,True
XC210213_iiwi_30,True
XC210213_jabwar_30,True
XC210213_maupar_30,True
XC210213_omao_30,True
XC210213_puaioh_30,True
XC210213_skylar_30,True
XC210213_warwhe1_30,True
XC210213_yefcan_30,True
XC210213_akiapo_35,True
XC210213_aniani_35,True
XC210213_apapan_35,True
XC210213_barpet_35,True
XC210213_crehon_35,True
XC210213_elepai_35,True
XC210213_ercfra_35,True
XC210213_hawama_35,True
XC210213_hawcre_35,True
XC210213_hawgoo_35,True
XC210213_hawhaw_35,True
XC210213_hawpet1_35,True
XC210213_houfin_35,True
XC210213_iiwi_35,True
XC210213_jabwar_35,True
XC210213_maupar_35,True
XC210213_omao_35,True
XC210213_puaioh_35,True
XC210213_skylar_35,True
XC210213_warwhe1_35,True
XC210213_yefcan_35,True
XC210213_akiapo_40,True
XC210213_aniani_40,True
XC210213_apapan_40,True
XC210213_barpet_40,True
XC210213_crehon_40,True
XC210213_elepai_40,True
XC210213_ercfra_40,True
XC210213_hawama_40,True
XC210213_hawcre_40,True
XC210213_hawgoo_40,True
XC210213_hawhaw_40,True
XC210213_hawpet1_40,True
XC210213_houfin_40,True
XC210213_iiwi_40,True
XC210213_jabwar_40,True
XC210213_maupar_40,True
XC210213_omao_40,True
XC210213_puaioh_40,True
XC210213_skylar_40,True
XC210213_warwhe1_40,True
XC210213_yefcan_40,True
XC27316_akiapo_5,True
XC27316_aniani_5,True
XC27316_apapan_5,True
XC27316_barpet_5,True
XC27316_crehon_5,True
XC27316_elepai_5,True
XC27316_ercfra_5,True
XC27316_hawama_5,True
XC27316_hawcre_5,True
XC27316_hawgoo_5,True
XC27316_hawhaw_5,True
XC27316_hawpet1_5,True
XC27316_houfin_5,True
XC27316_iiwi_5,True
XC27316_jabwar_5,True
XC27316_maupar_5,True
XC27316_omao_5,True
XC27316_puaioh_5,True
XC27316_skylar_5,True
XC27316_warwhe1_5,True
XC27316_yefcan_5,True
XC27316_akiapo_10,True
XC27316_aniani_10,True
XC27316_apapan_10,True
XC27316_barpet_10,True
XC27316_crehon_10,True
XC27316_elepai_10,True
XC27316_ercfra_10,True
XC27316_hawama_10,True
XC27316_hawcre_10,True
XC27316_hawgoo_10,True
XC27316_hawhaw_10,True
XC27316_hawpet1_10,True
XC27316_houfin_10,True
XC27316_iiwi_10,True
XC27316_jabwar_10,True
XC27316_maupar_10,True
XC27316_omao_10,True
XC27316_puaioh_10,True
XC27316_skylar_10,True
XC27316_warwhe1_10,True
XC27316_yefcan_10,True
XC27316_akiapo_15,True
XC27316_aniani_15,True
XC27316_apapan_15,True
XC27316_barpet_15,True
XC27316_crehon_15,True
XC27316_elepai_15,True
XC27316_ercfra_15,True
XC27316_hawama_15,True
XC27316_hawcre_15,True
XC27316_hawgoo_15,True
XC27316_hawhaw_15,True
XC27316_hawpet1_15,True
XC27316_houfin_15,True
XC27316_iiwi_15,True
XC27316_jabwar_15,True
XC27316_maupar_15,True
XC27316_omao_15,True
XC27316_puaioh_15,True
XC27316_skylar_15,True
XC27316_warwhe1_15,True
XC27316_yefcan_15,True
XC27316_akiapo_20,True
XC27316_aniani_20,True
XC27316_apapan_20,True
XC27316_barpet_20,True
XC27316_crehon_20,True
XC27316_elepai_20,True
XC27316_ercfra_20,True
XC27316_hawama_20,True
XC27316_hawcre_20,True
XC27316_hawgoo_20,True
XC27316_hawhaw_20,True
XC27316_hawpet1_20,True
XC27316_houfin_20,True
XC27316_iiwi_20,True
XC27316_jabwar_20,True
XC27316_maupar_20,True
XC27316_omao_20,True
XC27316_puaioh_20,True
XC27316_skylar_20,True
XC27316_warwhe1_20,True
XC27316_yefcan_20,True
XC27316_akiapo_25,True
XC27316_aniani_25,True
XC27316_apapan_25,True
XC27316_barpet_25,True
XC27316_crehon_25,True
XC27316_elepai_25,True
XC27316_ercfra_25,True
XC27316_hawama_25,True
XC27316_hawcre_25,True
XC27316_hawgoo_25,True
XC27316_hawhaw_25,True
XC27316_hawpet1_25,True
XC27316_houfin_25,True
XC27316_iiwi_25,True
XC27316_jabwar_25,True
XC27316_maupar_25,True
XC27316_omao_25,True
XC27316_puaioh_25,True
XC27316_skylar_25,True
XC27316_warwhe1_25,True
XC27316_yefcan_25,True
XC27316_akiapo_30,True
XC27316_aniani_30,True
XC27316_apapan_30,True
XC27316_barpet_30,True
XC27316_crehon_30,True
XC27316_elepai_30,True
XC27316_ercfra_30,True
XC27316_hawama_30,True
XC27316_hawcre_30,True
XC27316_hawgoo_30,True
XC27316_hawhaw_30,True
XC27316_hawpet1_30,True
XC27316_houfin_30,True
XC27316_iiwi_30,True
XC27316_jabwar_30,True
XC27316_maupar_30,True
XC27316_omao_30,True
XC27316_puaioh_30,True
XC27316_skylar_30,True
XC27316_warwhe1_30,True
XC27316_yefcan_30,True
XC27316_akiapo_35,True
XC27316_aniani_35,True
XC27316_apapan_35,True
XC27316_barpet_35,True
XC27316_crehon_35,True
XC27316_elepai_35,True
XC27316_ercfra_35,True
XC27316_hawama_35,True
XC27316_hawcre_35,True
XC27316_hawgoo_35,True
XC27316_hawhaw_35,True
XC27316_hawpet1_35,True
XC27316_houfin_35,True
XC27316_iiwi_35,True
XC27316_jabwar_35,True
XC27316_maupar_35,True
XC27316_omao_35,True
XC27316_puaioh_35,True
XC27316_skylar_35,True
XC27316_warwhe1_35,True
XC27316_yefcan_35,True
XC27316_akiapo_40,True
XC27316_aniani_40,True
XC27316_apapan_40,True
XC27316_barpet_40,True
XC27316_crehon_40,True
XC27316_elepai_40,True
XC27316_ercfra_40,True
XC27316_hawama_40,True
XC27316_hawcre_40,True
XC27316_hawgoo_40,True
XC27316_hawhaw_40,True
XC27316_hawpet1_40,True
XC27316_houfin_40,True
XC27316_iiwi_40,True
XC27316_jabwar_40,True
XC27316_maupar_40,True
XC27316_omao_40,True
XC27316_puaioh_40,True
XC27316_skylar_40,True
XC27316_warwhe1_40,True
XC27316_yefcan_40,True
XC27316_akiapo_45,True
XC27316_aniani_45,True
XC27316_apapan_45,True
XC27316_barpet_45,True
XC27316_crehon_45,True
XC27316_elepai_45,True
XC27316_ercfra_45,True
XC27316_hawama_45,True
XC27316_hawcre_45,True
XC27316_hawgoo_45,True
XC27316_hawhaw_45,True
XC27316_hawpet1_45,True
XC27316_houfin_45,True
XC27316_iiwi_45,True
XC27316_jabwar_45,True
XC27316_maupar_45,True
XC27316_omao_45,True
XC27316_puaioh_45,True
XC27316_skylar_45,True
XC27316_warwhe1_45,True
XC27316_yefcan_45,True
XC27316_akiapo_50,True
XC27316_aniani_50,True
XC27316_apapan_50,True
XC27316_barpet_50,True
XC27316_crehon_50,True
XC27316_elepai_50,True
XC27316_ercfra_50,True
XC27316_hawama_50,True
XC27316_hawcre_50,True
XC27316_hawgoo_50,True
XC27316_hawhaw_50,True
XC27316_hawpet1_50,True
XC27316_houfin_50,True
XC27316_iiwi_50,True
XC27316_jabwar_50,True
XC27316_maupar_50,True
XC27316_omao_50,True
XC27316_puaioh_50,True
XC27316_skylar_50,True
XC27316_warwhe1_50,True
XC27316_yefcan_50,True
XC27321_akiapo_5,True
XC27321_aniani_5,True
XC27321_apapan_5,True
XC27321_barpet_5,True
XC27321_crehon_5,True
XC27321_elepai_5,True
XC27321_ercfra_5,True
XC27321_hawama_5,True
XC27321_hawcre_5,True
XC27321_hawgoo_5,True
XC27321_hawhaw_5,True
XC27321_hawpet1_5,True
XC27321_houfin_5,True
XC27321_iiwi_5,True
XC27321_jabwar_5,True
XC27321_maupar_5,True
XC27321_omao_5,True
XC27321_puaioh_5,True
XC27321_skylar_5,True
XC27321_warwhe1_5,True
XC27321_yefcan_5,True
XC27321_akiapo_10,True
XC27321_aniani_10,True
XC27321_apapan_10,True
XC27321_barpet_10,True
XC27321_crehon_10,True
XC27321_elepai_10,True
XC27321_ercfra_10,True
XC27321_hawama_10,True
XC27321_hawcre_10,True
XC27321_hawgoo_10,True
XC27321_hawhaw_10,True
XC27321_hawpet1_10,True
XC27321_houfin_10,True
XC27321_iiwi_10,True
XC27321_jabwar_10,True
XC27321_maupar_10,True
XC27321_omao_10,True
XC27321_puaioh_10,True
XC27321_skylar_10,True
XC27321_warwhe1_10,True
XC27321_yefcan_10,True
XC27334_akiapo_5,True
XC27334_aniani_5,True
XC27334_apapan_5,True
XC27334_barpet_5,True
XC27334_crehon_5,True
XC27334_elepai_5,True
XC27334_ercfra_5,True
XC27334_hawama_5,True
XC27334_hawcre_5,True
XC27334_hawgoo_5,True
XC27334_hawhaw_5,True
XC27334_hawpet1_5,True
XC27334_houfin_5,True
XC27334_iiwi_5,True
XC27334_jabwar_5,True
XC27334_maupar_5,True
XC27334_omao_5,True
XC27334_puaioh_5,True
XC27334_skylar_5,True
XC27334_warwhe1_5,True
XC27334_yefcan_5,True
XC27334_akiapo_10,True
XC27334_aniani_10,True
XC27334_apapan_10,True
XC27334_barpet_10,True
XC27334_crehon_10,True
XC27334_elepai_10,True
XC27334_ercfra_10,True
XC27334_hawama_10,True
XC27334_hawcre_10,True
XC27334_hawgoo_10,True
XC27334_hawhaw_10,True
XC27334_hawpet1_10,True
XC27334_houfin_10,True
XC27334_iiwi_10,True
XC27334_jabwar_10,True
XC27334_maupar_10,True
XC27334_omao_10,True
XC27334_puaioh_10,True
XC27334_skylar_10,True
XC27334_warwhe1_10,True
XC27334_yefcan_10,True
XC27334_akiapo_15,True
XC27334_aniani_15,True
XC27334_apapan_15,True
XC27334_barpet_15,True
XC27334_crehon_15,True
XC27334_elepai_15,True
XC27334_ercfra_15,True
XC27334_hawama_15,True
XC27334_hawcre_15,True
XC27334_hawgoo_15,True
XC27334_hawhaw_15,True
XC27334_hawpet1_15,True
XC27334_houfin_15,True
XC27334_iiwi_15,True
XC27334_jabwar_15,True
XC27334_maupar_15,True
XC27334_omao_15,True
XC27334_puaioh_15,True
XC27334_skylar_15,True
XC27334_warwhe1_15,True
XC27334_yefcan_15,True
XC27334_akiapo_20,True
XC27334_aniani_20,True
XC27334_apapan_20,True
XC27334_barpet_20,True
XC27334_crehon_20,True
XC27334_elepai_20,True
XC27334_ercfra_20,True
XC27334_hawama_20,True
XC27334_hawcre_20,True
XC27334_hawgoo_20,True
XC27334_hawhaw_20,True
XC27334_hawpet1_20,True
XC27334_houfin_20,True
XC27334_iiwi_20,True
XC27334_jabwar_20,True
XC27334_maupar_20,True
XC27334_omao_20,True
XC27334_puaioh_20,True
XC27334_skylar_20,True
XC27334_warwhe1_20,True
XC27334_yefcan_20,True
XC27368_akiapo_5,True
XC27368_aniani_5,True
XC27368_apapan_5,True
XC27368_barpet_5,True
XC27368_crehon_5,True
XC27368_elepai_5,True
XC27368_ercfra_5,True
XC27368_hawama_5,True
XC27368_hawcre_5,True
XC27368_hawgoo_5,True
XC27368_hawhaw_5,True
XC27368_hawpet1_5,True
XC27368_houfin_5,True
XC27368_iiwi_5,True
XC27368_jabwar_5,True
XC27368_maupar_5,True
XC27368_omao_5,True
XC27368_puaioh_5,True
XC27368_skylar_5,True
XC27368_warwhe1_5,True
XC27368_yefcan_5,True
XC27368_akiapo_10,True
XC27368_aniani_10,True
XC27368_apapan_10,True
XC27368_barpet_10,True
XC27368_crehon_10,True
XC27368_elepai_10,True
XC27368_ercfra_10,True
XC27368_hawama_10,True
XC27368_hawcre_10,True
XC27368_hawgoo_10,True
XC27368_hawhaw_10,True
XC27368_hawpet1_10,True
XC27368_houfin_10,True
XC27368_iiwi_10,True
XC27368_jabwar_10,True
XC27368_maupar_10,True
XC27368_omao_10,True
XC27368_puaioh_10,True
XC27368_skylar_10,True
XC27368_warwhe1_10,True
XC27368_yefcan_10,True
XC27368_akiapo_15,True
XC27368_aniani_15,True
XC27368_apapan_15,True
XC27368_barpet_15,True
XC27368_crehon_15,True
XC27368_elepai_15,True
XC27368_ercfra_15,True
XC27368_hawama_15,True
XC27368_hawcre_15,True
XC27368_hawgoo_15,True
XC27368_hawhaw_15,True
XC27368_hawpet1_15,True
XC27368_houfin_15,True
XC27368_iiwi_15,True
XC27368_jabwar_15,True
XC27368_maupar_15,True
XC27368_omao_15,True
XC27368_puaioh_15,True
XC27368_skylar_15,True
XC27368_warwhe1_15,True
XC27368_yefcan_15,True
